source,url,date_found,date_published,time_published
NOS,https://nos.nl/l/2584574,2025-09-29,2025-09-29,19:44:00
NOS,https://nos.nl/l/2584570,2025-09-29,2025-09-29,18:19:08
NOS,https://nos.nl/l/2584569,2025-09-29,2025-09-29,17:59:33
NOS,https://nos.nl/l/2584568,2025-09-29,2025-09-29,17:05:18
NOS,https://nos.nl/l/2584561,2025-09-29,2025-09-29,16:33:46
NOS,https://nos.nl/l/2584560,2025-09-29,2025-09-29,16:33:44
NOS,https://nos.nl/l/2584556,2025-09-29,2025-09-29,16:10:23
NOS,https://nos.nl/l/2584550,2025-09-29,2025-09-29,15:40:43
NOS,https://nos.nl/l/2584547,2025-09-29,2025-09-29,15:06:43
NOS,https://nos.nl/l/2584543,2025-09-29,2025-09-29,14:34:02
NOS,https://nos.nl/l/2584541,2025-09-29,2025-09-29,14:26:09
NOS,https://nos.nl/l/2584538,2025-09-29,2025-09-29,14:05:50
NOS,https://nos.nl/l/2584525,2025-09-29,2025-09-29,11:53:30
NOS,https://nos.nl/l/2584522,2025-09-29,2025-09-29,11:06:40
NOS,https://nos.nl/l/2584520,2025-09-29,2025-09-29,10:38:48
NOS,https://nos.nl/l/2584519,2025-09-29,2025-09-29,10:35:44
NOS,https://nos.nl/l/2584518,2025-09-29,2025-09-29,10:27:41
NOS,https://nos.nl/l/2584515,2025-09-29,2025-09-29,10:20:58
NOS,https://nos.nl/l/2584514,2025-09-29,2025-09-29,10:15:56
NOS,https://nos.nl/l/2584512,2025-09-29,2025-09-29,10:01:44
NU.nl,https://www.nu.nl/buitenland/6370663/israel-stemt-in-met-amerikaans-plan-voor-vrede-in-en-toekomst-van-gaza.html,2025-09-29,2025-09-29,19:03:55
NU.nl,https://www.nu.nl/voetbal/6370715/ajax-lijdt-nettoverlies-van-373-miljoen-euro-over-boekjaar-20242025.html,2025-09-29,2025-09-29,18:41:09
NU.nl,https://www.nu.nl/buitenland/6370714/meer-dan-twintig-doden-bij-protesten-in-madagaskar-president-ontbindt-regering.html,2025-09-29,2025-09-29,17:55:49
NU.nl,https://www.nu.nl/misdaad/6370706/kroongetuige-nabil-b-had-ook-usb-stick-op-cel-niets-strafbaars-gevonden.html,2025-09-29,2025-09-29,17:23:23
NU.nl,https://www.nu.nl/buitenland/6370665/boko-haram-pleegt-ondanks-veroordelingen-nog-steeds-geweld-in-nigeria.html,2025-09-29,2025-09-29,17:05:42
NU.nl,https://www.nu.nl/binnenland/6370709/gewonden-op-aangevallen-nederlands-schip-grote-schade-door-explosie.html,2025-09-29,2025-09-29,16:35:34
NU.nl,https://www.nu.nl/klimaat/6370708/demissionair-kabinet-wil-tot-2-miljard-euro-steken-in-vergroening-tata-steel.html,2025-09-29,2025-09-29,16:08:10
NU.nl,https://www.nu.nl/320298/video/straten-in-oost-spanje-staan-blank-door-hevige-regenval.html,2025-09-29,2025-09-29,15:42:25
NU.nl,https://www.nu.nl/midden-oostenconflict/6370697/schip-van-nederlandse-rederij-aangevallen-in-golf-van-aden-bij-jemen.html,2025-09-29,2025-09-29,15:03:31
NU.nl,https://www.nu.nl/economie/6370700/schoonzoon-trump-en-anderen-halen-gamereus-ea-voor-55-miljard-van-de-beurs.html,2025-09-29,2025-09-29,15:03:22
NU.nl,https://www.nu.nl/economie/6370126/droneproductie-in-nederland-komt-langzaam-van-de-grond.html,2025-09-29,2025-09-29,14:31:10
NU.nl,https://www.nu.nl/buitenland/6370692/elf-leden-van-beruchte-chinese-maffiafamilie-veroordeeld-tot-doodstraf.html,2025-09-29,2025-09-29,14:17:16
NU.nl,https://www.nu.nl/binnenland/6370688/grootste-vertragingen-op-de-weg-voorbij.html,2025-09-29,2025-09-29,13:40:50
NU.nl,https://www.nu.nl/klimaat/6370680/europese-natuur-verder-onder-druk-meer-inspanning-nodig.html,2025-09-29,2025-09-29,13:38:07
NU.nl,https://www.nu.nl/voetbal/6370681/ajax-directeuren-kroes-en-beuker-fysiek-belaagd-door-twee-psv-fans-na-topper.html,2025-09-29,2025-09-29,13:11:47
NU.nl,https://www.nu.nl/buitenland/6370671/hoger-beroep-over-vliegtuigcrash-die-228-mensen-het-leven-kostte-van-start.html,2025-09-29,2025-09-29,13:08:09
NU.nl,https://www.nu.nl/formule-1/6370676/hamilton-rouwt-om-overlijden-hond-roscoe-ben-mijn-beste-vriend-verloren.html,2025-09-29,2025-09-29,12:13:35
NU.nl,https://www.nu.nl/binnenland/6370677/defensie-reikt-eerste-scherfvesten-voor-vrouwelijke-militairen-uit.html,2025-09-29,2025-09-29,12:09:31
NU.nl,https://www.nu.nl/buitenland/6370673/brand-verwoest-groot-deel-van-een-van-grootste-nationale-parken-van-namibie.html,2025-09-29,2025-09-29,11:44:54
NU.nl,https://www.nu.nl/economie/6370668/vakbonden-blazen-stakingen-grondpersoneel-klm-voorlopig-af.html,2025-09-29,2025-09-29,11:19:27
NU.nl,https://www.nu.nl/buitenland/6370662/zweden-en-frankrijk-sturen-hulp-naar-denemarken-na-verstoringen-door-drones.html,2025-09-29,2025-09-29,10:40:47
NU.nl,https://www.nu.nl/sport-overig/6370469/als-verstappen-zonder-rijbewijs-een-bobslee-in-koster-doet-het.html,2025-09-29,2025-09-29,10:03:33
NU.nl,https://www.nu.nl/economie/6370660/intimidatie-en-agressieve-telefoontjes-vrijwel-geen-incassobureau-voldoet-aan-wet.html,2025-09-29,2025-09-29,09:54:06
NU.nl,https://www.nu.nl/buitenland/6370659/zeker-twaalf-doden-en-zeventien-vermisten-door-tyfoon-bualoi-in-vietnam.html,2025-09-29,2025-09-29,09:39:57
NU.nl,https://www.nu.nl/buitenland/6370650/regen-legt-openbaar-leven-stil-in-oost-spanje-vrees-voor-nieuwe-overstromingen.html,2025-09-29,2025-09-29,09:31:03
NU.nl,https://www.nu.nl/buitenland/6370649/zelensky-en-eu-opgelucht-na-verkiezingen-in-moldavie-russisch-plan-mislukt.html,2025-09-29,2025-09-29,09:26:24
NU.nl,https://www.nu.nl/media/6370646/eo-human-en-vpro-gaan-samenwerken-in-nieuw-omroephuis.html,2025-09-29,2025-09-29,08:57:43
NU.nl,https://www.nu.nl/achterklap/6370644/dolly-parton-zegt-concerten-in-las-vegas-af-moet-een-paar-ingrepen-ondergaan.html,2025-09-29,2025-09-29,08:16:29
NU.nl,https://www.nu.nl/midden-oostenconflict/6369273/live-midden-oosten-netanyahu-staat-achter-plan-trump-om-gazaoorlog-te-beeindigen.html,2025-09-29,2025-09-17,12:33:00
NU.nl,https://www.nu.nl/slimmer-leven/6338807/van-moe-wakker-worden-heb-je-de-hele-dag-last-dit-kun-je-ertegen-doen.html,2025-09-29,2024-12-16,07:20:20
Telegraaf,https://www.telegraaf.nl/abonnement/abonnement-bestellen/?utm_internal=menu-www-navigation-header-services,2025-09-29,,
Telegraaf,https://www.telegraaf.nl/digitalekrant,2025-09-29,,
Telegraaf,https://www.telegraaf.nl/puzzels/,2025-09-29,,
Telegraaf,https://webshop.telegraaf.nl/,2025-09-29,,
Telegraaf,https://www.telegraaf.nl/service/nieuwsbrieven/51520822.html,2025-09-29,,
Telegraaf,https://mijn.telegraaf.nl/,2025-09-29,,
Telegraaf,https://www.telegraaf.nl/abonnement/abonnement-bestellen/?utm_internal=menu-www-subscription-menu,2025-09-29,,
Telegraaf,https://www.telegraaf.nl/nieuws/,2025-09-29,,
Telegraaf,https://www.telegraaf.nl/sport/,2025-09-29,,
Telegraaf,https://www.telegraaf.nl/financieel/,2025-09-29,,
Telegraaf,https://www.telegraaf.nl/entertainment/,2025-09-29,,
Telegraaf,https://www.telegraaf.nl/abonnement/abonnement-bestellen/?utm_internal=menu-www-subscription-menu,2025-09-29,,
Telegraaf,https://www.telegraaf.nl/binnenland/,2025-09-29,,
Telegraaf,https://www.telegraaf.nl/buitenland/,2025-09-29,,
Telegraaf,https://www.telegraaf.nl/sport/voetbal/john-heitinga-ziet-naast-absentie-weghorst-en-dolberg-nog-een-groot-gemis-voor-ajax-doodzonde/93880047.html,2025-09-29,,
Telegraaf,https://www.telegraaf.nl/video/hier-gaat-donald-trump-heel-ver/93868181.html,2025-09-29,,
Telegraaf,https://www.telegraaf.nl/buitenland/israel-na-druk-achter-amerikaans-vredesplan-voor-gaza/93835424.html,2025-09-29,,
Telegraaf,https://www.telegraaf.nl/sport/voetbal/ajax-lijdt-nettoverlies-van-ruim-37-miljoen-euro-over-20242025/93874937.html,2025-09-29,,
Telegraaf,https://www.telegraaf.nl/buitenland/live-witte-huis-publiceert-vredesplan-netanyahu-spreekt-steun-uit-nog-geen-reactie-hamas/93626317.html,2025-09-29,,
Telegraaf,https://www.telegraaf.nl/entertainment/media/powned-baas-dominique-weesie-over-weigerachtige-houding-eo-vpro-en-max-willen-we-meer-of-minder-omroepbaasjes/93759766.html,2025-09-29,,
Telegraaf,https://www.telegraaf.nl/video/nu-maakt-timmermans-de-kiezers-van-de-pvv-nog-bozer/93869033.html,2025-09-29,,
Telegraaf,https://www.telegraaf.nl/buitenland/hoofdverdachte-in-zaak-maddie-mccann-spreekt-voor-het-eerst-sinds-vrijlating-ik-wil-dat-heksenjacht-op-mij-stopt.-ik-wil-mijn-leven-terug/93705024.html,2025-09-29,,
Telegraaf,https://www.telegraaf.nl/sport/marc-marquez-pakt-na-jaren-misere-zevende-wereldtitel-eer-om-in-een-adem-met-rossi-te-worden-genoemd/93704571.html,2025-09-29,,
Telegraaf,https://www.telegraaf.nl/binnenland/woede-en-verbijstering-over-fluwelen-handschoenen-bij-aanpak-xr-demonstranten-dit-is-oneigenlijk-gebruik-van-politie/93698145.html,2025-09-29,,
Telegraaf,https://www.telegraaf.nl/financieel/roelof-salomons-involutie-alsof-je-aan-je-eigen-succes-ten-onder-gaat/93690831.html,2025-09-29,,
Telegraaf,https://www.telegraaf.nl/sport/voetbal/john-heitinga-ziet-naast-absentie-weghorst-en-dolberg-nog-een-groot-gemis-voor-ajax-doodzonde/93880047.html,2025-09-29,,
Telegraaf,https://www.telegraaf.nl/video/hier-gaat-donald-trump-heel-ver/93868181.html,2025-09-29,,
Telegraaf,https://www.telegraaf.nl/buitenland/israel-na-druk-achter-amerikaans-vredesplan-voor-gaza/93835424.html,2025-09-29,,
Telegraaf,https://www.telegraaf.nl/sport/voetbal/ajax-lijdt-nettoverlies-van-ruim-37-miljoen-euro-over-20242025/93874937.html,2025-09-29,,
Telegraaf,https://www.telegraaf.nl/buitenland/live-witte-huis-publiceert-vredesplan-netanyahu-spreekt-steun-uit-nog-geen-reactie-hamas/93626317.html,2025-09-29,,
Telegraaf,https://www.telegraaf.nl/entertainment/media/powned-baas-dominique-weesie-over-weigerachtige-houding-eo-vpro-en-max-willen-we-meer-of-minder-omroepbaasjes/93759766.html,2025-09-29,,
Telegraaf,https://www.telegraaf.nl/video/nu-maakt-timmermans-de-kiezers-van-de-pvv-nog-bozer/93869033.html,2025-09-29,,
Telegraaf,https://www.telegraaf.nl/buitenland/hoofdverdachte-in-zaak-maddie-mccann-spreekt-voor-het-eerst-sinds-vrijlating-ik-wil-dat-heksenjacht-op-mij-stopt.-ik-wil-mijn-leven-terug/93705024.html,2025-09-29,,
Telegraaf,https://www.telegraaf.nl/sport/marc-marquez-pakt-na-jaren-misere-zevende-wereldtitel-eer-om-in-een-adem-met-rossi-te-worden-genoemd/93704571.html,2025-09-29,,
Telegraaf,https://www.telegraaf.nl/binnenland/woede-en-verbijstering-over-fluwelen-handschoenen-bij-aanpak-xr-demonstranten-dit-is-oneigenlijk-gebruik-van-politie/93698145.html,2025-09-29,,
Telegraaf,https://www.telegraaf.nl/financieel/roelof-salomons-involutie-alsof-je-aan-je-eigen-succes-ten-onder-gaat/93690831.html,2025-09-29,,
Telegraaf,https://www.telegraaf.nl/binnenland/mirjam-53-en-haar-man-kregen-op-dezelfde-dag-de-diagnose-uitgezaaide-kanker-een-maand-later-is-hij-overleden/92848594.html,2025-09-29,,
Telegraaf,https://www.telegraaf.nl/financieel/mensen-dachten-groen-te-investeren-maar-dreigen-nu-miljoenen-te-verliezen-het-is-een-groot-piramidespel-geworden/92767837.html,2025-09-29,,
Telegraaf,https://www.telegraaf.nl/lifestyle/tech/ea-sports-maakt-met-fc26-fifa-mede-door-ai-sprint-naar-realiteit-en-komt-met-nieuw-speltype-maar-levert-ook-bron-van-frustraties/92609965.html,2025-09-29,,
Telegraaf,https://www.telegraaf.nl/vrouw/maartje-42-werd-voor-25.000-euro-opgelicht-via-instagram-ik-kon-niets-anders-dan-naar-hem-luisteren/92620092.html,2025-09-29,,
Telegraaf,https://www.telegraaf.nl/financieel/live-beleggers-in-vs-doen-het-rustig-aan-aex-krijgt-record-in-zicht/93164086.html,2025-09-29,,
Telegraaf,https://www.telegraaf.nl/video/mirjam-bikker-onderbroken-mag-ik-kritisch-zijn/93858745.html,2025-09-29,,
Telegraaf,https://www.telegraaf.nl/binnenland/auto-verwarde-vrouw-staat-al-dagen-voor-garage-van-bart-jan-ik-dacht-een-belletje-moet-genoeg-zijn-maar-ze-doen-niets/93863223.html,2025-09-29,,
Telegraaf,https://www.telegraaf.nl/sport/voetbal/spaanse-keeper-19-overleden-na-botsing-op-het-veld-coach-en-fan-probeerden-speler-nog-te-redden/93862085.html,2025-09-29,,
Telegraaf,https://www.telegraaf.nl/entertainment/sterren/drama-voor-bb-vol-liefde-kandidaat-jean-paul-ze-had-minstens-honderd-moeten-worden/93759847.html,2025-09-29,,
Telegraaf,https://www.telegraaf.nl/financieel/massaclaim-tegen-energiebedrijven-wegens-te-hoge-kosten-lijkt-kansrijk-kom-jij-ervoor-in-aanmerking/93721693.html,2025-09-29,,
Telegraaf,https://www.telegraaf.nl/lifestyle/gezondheid/sneller-fit-met-de-supertips-van-deze-experts-begin-op-een-matje-thuis-en-gooi-bij-twijfel-een-muntje-op/93711392.html,2025-09-29,,
Telegraaf,https://www.telegraaf.nl/buitenland/italie-vreest-militair-ingrijpen-israel-waarschuwt-activisten-gaza-vloot-probeer-zeeblokkade-niet-te-doorbreken/93718161.html,2025-09-29,,
Telegraaf,https://www.telegraaf.nl/video/beste-friet-in-nederland-te-koop-twee-keer-bakken/93832776.html,2025-09-29,,
Telegraaf,https://www.telegraaf.nl/lifestyle/onderweg/bmw-bestuurslid-brandstofmotoren-zullen-nooit-verdwijnen.-nooit/93843653.html,2025-09-29,,
Telegraaf,https://www.telegraaf.nl/binnenland/circuswereld-geschokt-door-fatale-val-acrobate-voor-ogen-publiek-iemand-die-goed-getraind-is-valt-hier-echt-niet-zomaar-uit/93685481.html,2025-09-29,,
Telegraaf,https://www.telegraaf.nl/wat-u-zegt/de-kwestie/slachtofferhulp-sociale-veiligheid-in-de-sport-moet-wettelijk-worden-verplicht/93386625.html,2025-09-29,,
Telegraaf,https://www.telegraaf.nl/buitenland/twee-gewonden-bij-aanval-op-nederlands-vrachtschip-bij-jemen/93800339.html,2025-09-29,,
Telegraaf,https://www.telegraaf.nl/financieel/kabinet-wil-2-miljard-euro-stoppen-in-verduurzaming-tata-steel/93849648.html,2025-09-29,,
Telegraaf,https://www.telegraaf.nl/buitenland/leerling-14-die-lerares-aanviel-op-school-noordoosten-frankrijk-is-overleden/93665414.html,2025-09-29,,
Telegraaf,https://www.telegraaf.nl/binnenland/orkaan-humberto-trekt-richting-europa-nederland-maakt-zich-op-voor-buien-en-stevige-wind/93529722.html,2025-09-29,,
Telegraaf,https://www.telegraaf.nl/buitenland/russische-economie-kraakt-onder-oekraense-aanvallen-export-van-diesel-naar-laagste-niveau-sinds-begin-oorlog/93624690.html,2025-09-29,,
Telegraaf,https://www.telegraaf.nl/financieel/consumentenbond-zet-massaclaim-tegen-energiebedrijven-door-om-variabele-contracten-miljoenen-mensen-betaalden-mogelijk-jarenlang-te-veel/93503958.html,2025-09-29,,
Telegraaf,https://www.telegraaf.nl/binnenland/raadsels-rond-vermiste-tijn-25-uit-alkmaar-vrienden-doen-emotionele-oproep-neem-alsjeblieft-contact-op/93407252.html,2025-09-29,,
Telegraaf,https://www.telegraaf.nl/video/miljoenenjacht-thuiswinnaar-klaar-met-spontane-belletjes-pleur-op/93714884.html,2025-09-29,,
Telegraaf,https://www.telegraaf.nl/financieel/nieuws/dit-onderzoek-geeft-mopperende-werkgevers-beetje-gelijk-gemiddelde-gen-z-er-verandert-na-jaar-alweer-van-baan/93704898.html,2025-09-29,,
Telegraaf,https://www.telegraaf.nl/sport/duel-valencia-oviedo-uitgesteld-vanwege-code-rood/93634481.html,2025-09-29,,
Telegraaf,https://www.telegraaf.nl/financieel/geld/van-seksistisch-gedrag-beschuldigde-sociale-dienst-directeur-krijgt-ton-mee-rechter-vernietigend-over-onderzoek/93709601.html,2025-09-29,,
Telegraaf,https://cue.telegraaf.nl/nieuws/,2025-09-29,,
Telegraaf,https://www.telegraaf.nl/sport/voetbal/john-heitinga-ziet-naast-absentie-weghorst-en-dolberg-nog-een-groot-gemis-voor-ajax-doodzonde/93880047.html,2025-09-29,,
Telegraaf,https://www.telegraaf.nl/video/hier-gaat-donald-trump-heel-ver/93868181.html,2025-09-29,,
Telegraaf,https://www.telegraaf.nl/entertainment/cultuur/makers-the-simpsons-kondigen-na-twintig-jaar-vervolg-op-bioscoopfilm-aan-homer-heeft-nog-trek/93877932.html,2025-09-29,,
Telegraaf,https://www.telegraaf.nl/buitenland/israel-na-druk-achter-amerikaans-vredesplan-voor-gaza/93835424.html,2025-09-29,,
Telegraaf,https://www.telegraaf.nl/entertainment/sterren/oeuvreprijs-voor-andre-van-duin-bij-buma-nl-awards-als-je-het-maar-lang-genoeg-volhoudt-krijg-je-m-vanzelf/93875448.html,2025-09-29,,
Telegraaf,https://www.telegraaf.nl/sport/voetbal/ajax-lijdt-nettoverlies-van-ruim-37-miljoen-euro-over-20242025/93874937.html,2025-09-29,,
Telegraaf,https://www.telegraaf.nl/sport/voetbal/arsenal-manager-mikel-arteta-wil-gevechtspiloten-inhuren-voor-speciale-training/93845723.html,2025-09-29,,
Telegraaf,https://www.telegraaf.nl/buitenland/nieuwe-turkse-straaljager-komt-niet-van-de-grond-eigen-glazen-ingegooid-door-aanschaf-russisch-luchtafweersysteem/93718707.html,2025-09-29,,
Telegraaf,https://www.telegraaf.nl/podcast/omroep-oorlog-uitgebroken-bij-wie-sluiten-wnl-en-max-zich-aan/93813242.html,2025-09-29,,
Telegraaf,https://www.telegraaf.nl/buitenland/hoe-belgische-slagerij-filip-linda-het-wk-wielrennen-in-rwanda-veroverde-gekocht-op-de-markt/93840614.html,2025-09-29,,
Telegraaf,https://www.telegraaf.nl/entertainment/cultuur/discussie-over-filmsubsidies-en-gouden-kalf-nominaties-laait-op-433-euro-subsidie-per-bezoeker/93800971.html,2025-09-29,,
Telegraaf,https://www.telegraaf.nl/entertainment/media/stortvloed-aan-klachten-viaplay-na-afbreken-uitzending-newcastle-united-%E2%80%93-arsenal-mooiste-minuten-van-de-wedstrijd-geen-beeld/93819993.html,2025-09-29,,
Telegraaf,https://www.telegraaf.nl/lifestyle/onderweg/deze-luxe-v8-occasion-is-klassieker-van-morgen-en-nu-betaalbaar/93841856.html,2025-09-29,,
Telegraaf,https://www.telegraaf.nl/binnenland/brusselse-bobo-wil-blokkades-wegnemen-bij-eu-uitbreiding-plan-om-vetorecht-te-schrappen/93810356.html,2025-09-29,,
Telegraaf,https://www.telegraaf.nl/binnenland/extra-politie-rond-asieldebat-hoorn-in-schiedam-geen-publiek-welkom-en-ook-in-amersfoort-protesten/93833128.html,2025-09-29,,
Telegraaf,https://www.telegraaf.nl/sport/voetbal/blessure-psv-aanvaller-pepi-valt-mee-maar-spits-mist-wel-uitduel-in-champions-league-met-bayer-leverkusen/93815446.html,2025-09-29,,
Telegraaf,https://www.telegraaf.nl/entertainment/royals/verrassende-wending-in-rechtszaak-noorse-schandaalzoon-mette-marit-marius-borg-h%C3%B8iby-wil-een-openbaar-proces/93713749.html,2025-09-29,,
Telegraaf,https://www.telegraaf.nl/sport/voetbal/trainer-verdedigt-afgebrande-xavi-simons-maar-hij-zou-ook-zeggen-dat-de-wissel-terecht-was/93824426.html,2025-09-29,,
Telegraaf,https://www.telegraaf.nl/video/orkaan-humberto-beeindigt-mooi-herfstweer-meer-wind-en-neerslag/93826341.html,2025-09-29,,
Telegraaf,https://www.telegraaf.nl/binnenland/langdurige-storing-matrixborden-boven-snelweg-verholpen/93768993.html,2025-09-29,,
Telegraaf,https://www.telegraaf.nl/binnenland/dode-en-zwaargewonde-door-ongeval-op-n-weg-bij-emmen/93824048.html,2025-09-29,,
Telegraaf,https://www.telegraaf.nl/sport/tennis/hernieuwde-samenwerking-van-korte-duur-tallon-griekspoor-breekt-toch-weer-met-coach-kristof-vliegen/93809770.html,2025-09-29,,
Telegraaf,https://www.telegraaf.nl/live/,2025-09-29,,
Telegraaf,https://www.telegraaf.nl/service/formule-1-seizoen-2025/64387196.html,2025-09-29,,
Telegraaf,https://www.telegraaf.nl/,2025-09-29,,
Telegraaf,https://www.telegraaf.nl/sport/,2025-09-29,,
Telegraaf,https://www.telegraaf.nl/entertainment/,2025-09-29,,
Telegraaf,https://www.telegraaf.nl/misdaad/,2025-09-29,,
Telegraaf,https://www.telegraaf.nl/financieel/,2025-09-29,,
Telegraaf,https://www.telegraaf.nl/opinie/,2025-09-29,,
Telegraaf,https://www.telegraaf.nl/politiek/,2025-09-29,,
Telegraaf,https://www.telegraaf.nl/vrouw/,2025-09-29,,
Telegraaf,https://www.telegraaf.nl/lifestyle/,2025-09-29,,
Telegraaf,https://www.telegraaf.nl/wat-u-zegt/,2025-09-29,,
Telegraaf,https://www.telegraaf.nl/podcast/,2025-09-29,,
Telegraaf,https://www.telegraaf.nl/puzzels/,2025-09-29,,
Telegraaf,https://www.telegraaf.nl/video/,2025-09-29,,
Telegraaf,https://webshop.telegraaf.nl/,2025-09-29,,
Telegraaf,https://www.telegraaf.nl/abonnement/abonnement-bestellen/?utm_internal=menu-www-btnheader,2025-09-29,,
Telegraaf,https://www.telegraaf.nl/service/nieuwsbrieven/51520822.html,2025-09-29,,
Telegraaf,https://www.telegraaf.nl/familieberichten/,2025-09-29,,
Telegraaf,https://mijn.telegraaf.nl/help_en_contact/,2025-09-29,,
Telegraaf,https://mijn.telegraaf.nl/bezorgmelding/,2025-09-29,,
Telegraaf,https://mijn.telegraaf.nl/tijdelijke_wijziging/,2025-09-29,,
Telegraaf,https://mijn.telegraaf.nl/abonnement_bezorgadres/?utm_internal=menu-www-footer,2025-09-29,,
Telegraaf,https://www.mediahuis.nl/algemene-voorwaarden/gebruikersvoorwaarden-uitgaven,2025-09-29,,
Telegraaf,https://www.mediahuis.nl/privacy,2025-09-29,,
Telegraaf,https://www.mediahuis.com/nl/european-media-freedom-act/,2025-09-29,,
Telegraaf,https://www.mediahuis.nl/cookieverklaring_tcf2-0/,2025-09-29,,
Telegraaf,https://www.telegraaf.nl/service/huisregels/51540998.html,2025-09-29,,
Telegraaf,https://www.telegraaf.nl/abonnement/abonnement-bestellen/?utm_internal=menu-www-footer,2025-09-29,,
Telegraaf,https://mijn.telegraaf.nl/,2025-09-29,,
Telegraaf,https://www.telegraaf.nl/brandedcontent/,2025-09-29,,
Telegraaf,https://www.mediahuis.nl/adverteren,2025-09-29,,
Telegraaf,https://www.mediahuis.nl/mediamanager/,2025-09-29,,
Telegraaf,https://www.telegraaf.nl/service/contact/51537513.html,2025-09-29,,
Telegraaf,https://www.werkenbijmediahuis.nl/,2025-09-29,,
Telegraaf,https://www.facebook.com/telegraaf,2025-09-29,,
Telegraaf,https://x.com/telegraaf,2025-09-29,,
Telegraaf,https://www.instagram.com/telegraaf.nl/,2025-09-29,,
Telegraaf,https://www.telegraaf.nl/familieberichten/,2025-09-29,,
Telegraaf,https://www.telegraaf.nl/service/apps/51539119.html,2025-09-29,,
Telegraaf,https://webshop.telegraaf.nl/,2025-09-29,,
Telegraaf,https://www.telegraaf.nl/service/telefoonnummers-telemarketing/51539744.html,2025-09-29,,
Telegraaf,https://www.telegraaf.nl/service/mediahuis-nederland-sites/51540532.html,2025-09-29,,
Telegraaf,https://www.telegraaf.nl/service/nieuwsbrieven/51520822.html,2025-09-29,,
